{"bounding_box": {"x1": 98.42473118279565, "x2": 182.51075268817198, "y1": 66.17935483870974, "y2": 209.6202150537635}, "plane1_angle_4ch": 48.410944955355696, "plane2_angle_2ch": 46.862620949306695}